Name,Rank
Djokovic Novak,1.
Alcaraz Carlos,2.
Sinner Jannik,3.
Medvedev Daniil,4.
Rublev Andrey,5.
Zverev Alexander,6.
Rune Holger,7.
Hurkacz Hubert,8.
De Minaur Alex,9.
Fritz Taylor,10.
Tsitsipas Stefanos,11.
Ruud Casper,12.
Dimitrov Grigor,13.
Paul Tommy,14.
Tiafoe Frances,15.
Shelton Ben,16.
Khachanov Karen,17.
Humbert Ugo,18.
Jarry Nicolas,19.
Mannarino Adrian,20.
Bublik Alexander,21.
Cerundolo Francisco,22.
Norrie Cameron,23.
Davidovich Fokina Alejandro,24.
Struff Jan-Lennard,25.
Musetti Lorenzo,26.
Etcheverry Tomas Martin,27.
Griekspoor Tallon,28.
Auger Aliassime Felix,29.
Baez Sebastian,30.
Coric Borna,31.
Lehecka Jiri,32.
Korda Sebastian,33.
Eubanks Christopher,34.
Djere Laslo,35.
Fils Arthur,36.
Ofner Sebastian,37.
Safiullin Roman,38.
Karatsev Aslan,39.
Thompson Jordan,40.
Arnaldi Matteo,41.
Evans Daniel,42.
Ruusuvuori Emil,43.
Giron Marcos,44.
Shevchenko Alexander,45.
Popyrin Alexei,46.
Borges Nuno,47.
Zhang Zhizhen,48.
Sonego Lorenzo,49.
Murray Andy,50.
Purcell Max,51.
Tabilo Alejandro,52.
Draper Jack,53.
Kecmanovic Miomir,54.
Altmaier Daniel,55.
Hanfmann Yannick,56.
Koepfer Dominik,57.
Lajovic Dusan,58.
Diaz Acosta Facundo,59.
Marozsan Fabian,60.
McDonald Mackenzie,61.
Daniel Taro,62.
Machac Tomas,63.
Kotov Pavel,64.
O'Connell Christopher,65.
Carballes Baena Roberto,66.
Wawrinka Stan,67.
Monfils Gael,68.
Cobolli Flavio,69.
Van De Zandschulp Botic,70.
Van Assche Luca,71.
Vukic Aleksandar,72.
Munar Jaume,73.
Michelsen Alex,74.
Muller Alexandre,75.
Cachin Pedro,76.
Darderi Luciano,77.
Galan Daniel Elahi,78.
Hijikata Rinky,79.
Fucsovics Marton,80.
Gaston Hugo,81.
Seyboth Wild Thiago,82.
Cazaux Arthur,83.
Nishioka Yoshihito,84.
Coria Federico,85.
Rinderknech Arthur,86.
Rodionov Jurij,87.
Garin Cristian,88.
Thiem Dominic,89.
Nakashima Brandon,90.
Gojo Borna,91.
Wolf Jeffrey John,92.
Zapata Miralles Bernabe,93.
Stricker Dominic,94.
Martinez Pedro,95.
Ramos-Vinolas Albert,96.
Bautista-Agut Roberto,97.
Duckworth James,98.
Marterer Maximilian,99.
Kovacevic Aleksandar,100.
Nagal Sumit,101.
Fognini Fabio,102.
Kokkinakis Thanasi,103.
Lestienne Constant,104.
Tirante Thiago Agustin,105.
Nardi Luca,106.
Halys Quentin,107.
Varillas Juan Pablo,108.
Medjedovic Hamad,109.
Piros Zsombor,110.
Paire Benoit,111.
Goffin David,112.
Navone Mariano,113.
Watanuki Yosuke,114.
Schwartzman Diego,115.
Mensik Jakub,116.
Monteiro Thiago,117.
Kopriva Vit,118.
Comesana Francisco,119.
Barrios Vera Marcelo Tomas,120.
Shapovalov Denis,121.
Mmoh Michael,122.
Broady Liam,123.
Bergs Zizou,124.
Barrere Gregoire,125.
Gasquet Richard,126.
Molcan Alex,127.
Bonzi Benjamin,128.
Berrettini Matteo,129.
Ajdukovic Duje,130.
Ugo Carabelli Camilo,131.
Mayot Harold,132.
Zeppieri Giulio,133.
Kubler Jason,134.
Dellien Hugo,135.
Diallo Gabriel,136.
Vavassori Andrea,137.
Mochizuki Shintaro,138.
Svajda Zachary,139.
Bagnis Facundo,140.
Shang Juncheng,141.
Klein Lukas,142.
De Jong Jesper,143.
Kypson Patrick,144.
Atmane Terence,145.
Nava Emilio,146.
Moutet Corentin,147.
Llamas Ruiz Pablo,148.
Dzumhur Damir,149.
Albot Radu,150.
Grenier Hugo,151.
Hassan Benjamin,152.
Meligeni Rodrigues Alves Felipe,153.
Walton Adam,154.
Ymer Elias,155.
Pellegrino Andrea,156.
Burruchaga Roman Andres,157.
Moreno De Alboran Nicolas,158.
Misolic Filip,159.
Napolitano Stefano,160.
Cerundolo Juan Manuel,161.
Mpetshi Perricard Giovanni,162.
Kukushkin Mikhail,163.
Polmans Marc,164.
Herbert Pierre-Hugues,165.
Shimabukuro Sho,166.
Choinski Jan,167.
Sachko Vitaliy,168.
Kudla Denis,169.
Droguet Titouan,170.
Prizmic Dino,171.
Virtanen Otto,172.
Vacherot Valentin,173.
Olivieri Genaro Alberto,174.
Riedi Leandro,175.
Gakhov Ivan,176.
Cressy Maxime,177.
Svrcina Dalibor,178.
Yevseyev Denis,179.
Yunchaokete Bu,180.
Ritschard Alexander,181.
Harris Lloyd,182.
Gigante Matteo,183.
Coppejans Kimmer,184.
Molleker Rudolf,185.
Harris Billy,186.
Ivashka Ilya,187.
Brouwer Gijs,188.
Martineau Matteo,189.
Bellucci Mattia,190.
Crawford Oliver,191.
Zhukayev Beibit,192.
Jacquet Kyrian,193.
Hong Seong Chan,194.
Roca Batalla Oriol,195.
Fatic Nerman,196.
Escoffier Antoine,197.
Lajal Mark,198.
Blanchet Ugo,199.
Rodriguez Taverna Santiago,200.
Ymer Mikael,201.
Cecchinato Marco,202.
Huesler Marc-Andrea,203.
Gaio Federico,204.
Tu Li,205.
De Loore Joris,206.
Agamenone Franco,207.
Galarneau Alexis,208.
Rincon Daniel,209.
Peniston Ryan,210.
Valkusz Mate,211.
Pella Guido,212.
Damm Martin (2003),213.
Travaglia Stefano,214.
Oliveira Goncalo,215.
Tabur Clement,216.
Dougaz Aziz,217.
Sweeny Dane,218.
Hemery Calvin,219.
Trungelliti Marco,220.
Marie Jules,221.
Raonic Milos,222.
Novak Dennis,223.
Kuzmanov Dimitar,224.
Kolar Zdenek,225.
Passaro Francesco,226.
Jasika Omar,227.
Marchenko Illya,228.
Hsu Yu Hsiou,229.
Shelbayh Abedallah,230.
Neumayer Lukas,231.
Kovalik Jozef,232.
Giannessi Alessandro,233.
Moro Canas Alejandro,234.
Couacaud Enzo,235.
Heide Gustavo,236.
Wong Coleman,237.
Lavagno Edoardo,238.
Johnson Steve,239.
Rocha Henrique,240.
Schoolkate Tristan,241.
Wu Tung-lin,242.
Shimizu Yuta,243.
Maestrelli Francesco,244.
Uchiyama Yasutaka,245.
Poullain Lucas,246.
Boyer Tristan,247.
Krueger Mitchell,248.
Wu Yibing,249.
Jung Jason,250.
Berankis Ricardas,251.
Andreozzi Guido,252.
Onclin Gauthier,253.
Bonadio Riccardo,254.
Ficovich Juan Pablo,255.
Bourgue Mathias,256.
Janvier Maxime,257.
Andreev Adrian,258.
Kachmazov Alibek,259.
Guinard Manuel,260.
Kasnikowski Maks,261.
Mager Gianluca,262.
Ionel Nicholas David,263.
Bolt Alex,264.
Bellier Antoine,265.
Fery Arthur,266.
Tomic Bernard,267.
Dellien Murkel,268.
Donskoy Evgeny,269.
Sekulic Philip,270.
Echargui Moez,271.
Madaras Dragos Nicolae,272.
Royer Valentin,273.
Sandgren Tennys,274.
Squire Henri,275.
Dalla Valle Enrico,276.
Skatov Timofey,277.
Elias Gastao,278.
Fonio Giovanni,279.
McCabe James,280.
Blancaneaux Geoffrey,281.
Geerts Michael,282.
Sousa Joao,283.
Olivo Renzo,284.
Sanchez Izquierdo Nikolas,285.
Vesely Jiri,286.
Copil Marius,287.
Collarini Andrea,288.
Tseng Chun Hsin,289.
Otte Oscar,290.
Quinn Ethan,291.
Isner John,292.
Lamasine Tristan,293.
Kwiatkowski Thai-Son,294.
Holt Brandon,295.
Saville Luke,296.
Holmgren August,297.
Moeller Marvin,298.
Michalski Daniel,299.
Weis Alexander,300.
Draxl Liam,301.
Barranco Cosano Javier,302.
Added Dan,303.
Mayo Aidan,304.
Pouille Lucas,305.
Vincent Ruggeri Samuel,306.
Lokoli Laurent,307.
Guillen Meza Alvaro,308.
Bueno Gonzalo,309.
Vrbensky Michael,310.
Reis Da Silva Joao Lucas,311.
Habib Hady,312.
Diez Steven,313.
Blockx Alexander,314.
Pucinelli De Almeida Matheus,315.
Palan Dominik,316.
Fanselow Sebastian,317.
Bicknell Blaise,318.
Ilkel Cem,319.
Kodat Toby Alex,320.
Serdarusic Nino,321.
Neuchrist Maximilian,322.
Paulson Andrew,323.
Kirkin Ergi,324.
Popko Dmitry,325.
Jorda Sanchis David,326.
Stodder Timo,327.
Brancaccio Raul,328.
Broom Charles,329.
Erhard Mathys,330.
Noguchi Rio,331.
Sakamoto Pedro,332.
Erel Yanki,333.
Caruso Salvatore,334.
Delbonis Federico,335.
Den Ouden Guy,336.
Gombos Norbert,337.
Strombachs Robert,338.
Forti Francesco,339.
Hardt Nick,340.
Moriya Hiroki,341.
Gomez Federico Agustin,342.
Debru Gabriel,343.
Gill Felix,344.
McHugh Aidan,345.
Cretu Cezar (2001),346.
Nishikori Kei,347.
Naw Hazem,348.
Sharipov Marat (2002),349.
Lock Benjamin,350.
